INSERT INTO PabloRodrigo_201320007420.cesaju VALUES ('33.567.139/0001-70','Av. 7 de Setembro, 1090, Getulio Vargas, Aracaju-SE','1354002','10012');

--

INSERT INTO PabloRodrigo_201320007420.membro VALUES (10001, 'M', 'Ouvinte', 'pablo_rodrigo10@hotmail.com','Pablo Rodrigo','Rua Laranjeiras','Aracaju','Sergipe','49055380');
	INSERT INTO PabloRodrigo_201320007420.membro_telefone VALUES ('(79)99866-6530', 10001);
INSERT INTO PabloRodrigo_201320007420.membro VALUES (10002, 'M', 'Surdo', 'pabloramon.aju@gmail.com','Pablo Ramon','Av. Marechal Santos','Aracaju','Sergipe','49055381');
	INSERT INTO PabloRodrigo_201320007420.membro_telefone VALUES ('(79)92013-1001', 10002);
INSERT INTO PabloRodrigo_201320007420.membro VALUES (10003, 'M', 'Ouvinte', 'ailsson_david@hotmail.com','Alisson David','Rua Machado Muniz','Aracaju','Sergipe','49055382');
	INSERT INTO PabloRodrigo_201320007420.membro_telefone VALUES ('(79)92012-1003', 10003);
INSERT INTO PabloRodrigo_201320007420.membro VALUES (10004, 'M', 'Ouvinte', 'aurelio-grilo@hotmail.com','Aurelio Grilo','Av. Marechal Santos','Socorro','Sergipe','49055383');
	INSERT INTO PabloRodrigo_201320007420.membro_telefone VALUES ('(79)92011-2000', 10004);
INSERT INTO PabloRodrigo_201320007420.membro VALUES (10005, 'M', 'Surdo', 'diiferraz@hotmail.com','Diego Allan','Calabouco das Aguas','Aracaju','Sergipe','49055384');
	INSERT INTO PabloRodrigo_201320007420.membro_telefone VALUES ('(79)92011-2001', 10005);
INSERT INTO PabloRodrigo_201320007420.membro VALUES (10006, 'F', 'Ouvinte', 'mislenesilvagata@hotmail.com','Mislene Silva','Konoha','Aracaju','Sergipe','49055385');
	INSERT INTO PabloRodrigo_201320007420.membro_telefone VALUES ('(79)92011-2001', 10006);
INSERT INTO PabloRodrigo_201320007420.membro VALUES (10007, 'M', 'Surdo', 'gabriel.science@yahoo.com.br','Gabriel Guedes','Rua Pitanginha Rosa','São Cristovão','Sergipe','49055386');
	INSERT INTO PabloRodrigo_201320007420.membro_telefone VALUES ('(79)92014-1001', 10007);
INSERT INTO PabloRodrigo_201320007420.membro VALUES (10008, 'M', 'Ouvinte', 'netobrito22@gmail.com','João de Souza','Av. Jose Odebrech','Aracaju','Sergipe','49055387');
	INSERT INTO PabloRodrigo_201320007420.membro_telefone VALUES ('(79)92012-1045', 10008);
INSERT INTO PabloRodrigo_201320007420.membro VALUES (10009, 'F', 'Surdo', 'maislinha10@gmail.com','Maria Maisla','Rua Orla','Aracaju','Sergipe','49055388');
	INSERT INTO PabloRodrigo_201320007420.membro_telefone VALUES ('(79)99999-1991', 10009);
INSERT INTO PabloRodrigo_201320007420.membro VALUES (10010, 'M', 'Surdo', 'juan.boll@hotmail.com','Juan Carlos','Travessa Floriano Peixoto','Laranjeiras','Sergipe','49055389');
	INSERT INTO PabloRodrigo_201320007420.membro_telefone VALUES ('(79)99945-8754', 10010);
INSERT INTO PabloRodrigo_201320007420.membro VALUES (10011, 'M', 'Surdo', 'lucasnunes1995@hotmail.com','Lucas dos Santos','Av. DêComp','São Cristovão','Sergipe','49055390');
	INSERT INTO PabloRodrigo_201320007420.membro_telefone VALUES ('(79)98190-6541', 10011);
INSERT INTO PabloRodrigo_201320007420.membro VALUES (10012, 'F', 'Surdo', 'maria10loucona@outlook.com','Maria Silva','Rua Louros','Aracaju','Sergipe','49055391');
	INSERT INTO PabloRodrigo_201320007420.membro_telefone VALUES ('(79)91234-5678', 10012);
INSERT INTO PabloRodrigo_201320007420.membro VALUES (10013, 'F', 'Ouvinte', 'lohany@gmail.com','Lohany Kayna','Rua Ladeirinha dos Anjos','São Cristovão','Sergipe','49055392');
	INSERT INTO PabloRodrigo_201320007420.membro_telefone VALUES ('(79)99872-2344', 10013);
INSERT INTO PabloRodrigo_201320007420.membro VALUES (10014, 'F', 'Surdo', 'fernandinhabeiramar@hotmail.com','Fernanda Santos','Travessa Beco sem Saida','Aracaju','Sergipe','49055393');
	INSERT INTO PabloRodrigo_201320007420.membro_telefone VALUES ('(79)99872-2344', 10014);
INSERT INTO PabloRodrigo_201320007420.membro VALUES (10015, 'M', 'Surdo', 'patrickjonesdsc@gmail.com','Patrick Jones','Av. DêComp','São Cristovão','Sergipe','49055390');
	INSERT INTO PabloRodrigo_201320007420.membro_telefone VALUES ('(79)91010-1011', 10015);
INSERT INTO PabloRodrigo_201320007420.membro VALUES (10016, 'M', 'Ouvinte', 'jose-san1552@hotmail.com','Jose Carlos','Konoha','Aracaju','Sergipe','49055385');
	INSERT INTO PabloRodrigo_201320007420.membro_telefone VALUES ('(79)97653-4577', 10016);
INSERT INTO PabloRodrigo_201320007420.membro VALUES (10017, 'M', 'Surdo', 'igorn428@gmail.com','Igor Nascimento','Av. DêComp','São Cristovão','Sergipe','49055390');
	INSERT INTO PabloRodrigo_201320007420.membro_telefone VALUES ('(79)91023-1343', 10017);	
INSERT INTO PabloRodrigo_201320007420.membro VALUES (10018, 'F', 'Ouvinte', 'larissarocha@yahoo.com.br','Larissa Rocha','Rua Rasgadinho','Aracaju','Sergipe','49055394');
	INSERT INTO PabloRodrigo_201320007420.membro_telefone VALUES ('(79)92934-2345', 10018);
INSERT INTO PabloRodrigo_201320007420.membro VALUES (10019, 'F', 'Ouvinte', 'alicesilva@hotmail.com','Alice Silva','Konoha','Aracaju','Sergipe','49055385');
	INSERT INTO PabloRodrigo_201320007420.membro_telefone VALUES ('(79)97654-8765', 10019);
INSERT INTO PabloRodrigo_201320007420.membro VALUES (10020, 'F', 'Surdo', 'juditysantos10@hotmail.com','Judity Santos','Rua Igreja Dourada','São Cristovão','Sergipe','49055395');
	INSERT INTO PabloRodrigo_201320007420.membro_telefone VALUES ('(79)99873-1009', 10020);
INSERT INTO PabloRodrigo_201320007420.membro VALUES (10021, 'M', 'Surdo', 'zaca_lima@hotmail.com','Zacarias Figueredo','Rua São João','Aracaju','Sergipe','49055396');
	INSERT INTO PabloRodrigo_201320007420.membro_telefone VALUES ('(79)97656-1321', 10021);
INSERT INTO PabloRodrigo_201320007420.membro VALUES (10022, 'M', 'Surdo', 'airtonmcl@gmail.com','Airton Matheus','Rua São Cristovão','Aracaju','Sergipe','49055397');
	INSERT INTO PabloRodrigo_201320007420.membro_telefone VALUES ('(79)91308-0009', 10022);
INSERT INTO PabloRodrigo_201320007420.membro VALUES (10023, 'M', 'Ouvinte', 'joehigashi@outlook.com','Joe Higashi','Travessa Vox Filtro','São Cristovão','Sergipe','49055398');
	INSERT INTO PabloRodrigo_201320007420.membro_telefone VALUES ('(79)99010-1090', 10023);
INSERT INTO PabloRodrigo_201320007420.membro VALUES (10024, 'F', 'Ouvinte', 'miasantos@hotmail.com','Mia Santos','Rua Novo Paraiso','Laranjeiras','Sergipe','49055400');
	INSERT INTO PabloRodrigo_201320007420.membro_telefone VALUES ('(79)99011-2032', 10024);
INSERT INTO PabloRodrigo_201320007420.membro VALUES (10025, 'M', 'Surdo', 'felipe10mateus@bol.com.br','Felipe Mateus','Av. Joao Bebe Agua','São Cristovão','Sergipe','49055401');
	INSERT INTO PabloRodrigo_201320007420.membro_telefone VALUES ('(79)99011-2032', 10025);

--

INSERT INTO PabloRodrigo_201320007420.efetivo VALUES ('21364654067', 10001, TRUE, FALSE);
INSERT INTO PabloRodrigo_201320007420.efetivo VALUES ('72419479599', 10002, TRUE, FALSE);
INSERT INTO PabloRodrigo_201320007420.beneficiario VALUES (10003);
INSERT INTO PabloRodrigo_201320007420.efetivo VALUES ('42647788596', 10004, FALSE, FALSE);
INSERT INTO PabloRodrigo_201320007420.efetivo VALUES ('41622762509', 10005, FALSE, TRUE);
INSERT INTO PabloRodrigo_201320007420.beneficiario VALUES (10006);
INSERT INTO PabloRodrigo_201320007420.beneficiario VALUES (10007);
INSERT INTO PabloRodrigo_201320007420.efetivo VALUES ('78562474525', 10008, FALSE, FALSE);
INSERT INTO PabloRodrigo_201320007420.beneficiario VALUES (10009);
INSERT INTO PabloRodrigo_201320007420.efetivo VALUES ('81452854530', 10010, FALSE, TRUE);
INSERT INTO PabloRodrigo_201320007420.efetivo VALUES ('66044288501', 10011, FALSE, FALSE);
INSERT INTO PabloRodrigo_201320007420.efetivo VALUES ('45642128507', 10012, FALSE, FALSE);
INSERT INTO PabloRodrigo_201320007420.efetivo VALUES ('88055706565', 10013, FALSE, FALSE);
INSERT INTO PabloRodrigo_201320007420.efetivo VALUES ('24266857519', 10014, FALSE, TRUE);
INSERT INTO PabloRodrigo_201320007420.efetivo VALUES ('82588455514', 10005, FALSE, FALSE);
INSERT INTO PabloRodrigo_201320007420.beneficiario VALUES (10016);
INSERT INTO PabloRodrigo_201320007420.beneficiario VALUES (10017);
INSERT INTO PabloRodrigo_201320007420.beneficiario VALUES (10018);
INSERT INTO PabloRodrigo_201320007420.efetivo VALUES ('19929597573', 10019, FALSE, FALSE);
INSERT INTO PabloRodrigo_201320007420.efetivo VALUES ('02709204550', 10020, FALSE, FALSE);
INSERT INTO PabloRodrigo_201320007420.efetivo VALUES ('32631011538', 10021, FALSE, TRUE);
INSERT INTO PabloRodrigo_201320007420.efetivo VALUES ('06662150576', 10022, FALSE, FALSE);
INSERT INTO PabloRodrigo_201320007420.beneficiario VALUES (10023);
INSERT INTO PabloRodrigo_201320007420.beneficiario VALUES (10024);
INSERT INTO PabloRodrigo_201320007420.efetivo VALUES ('73841162525', 10025, FALSE, TRUE);

--

INSERT INTO PabloRodrigo_201320007420.contribuicao (tipo_Contr, data_Contr, cnpj_assoc, num_cadastro)
		VALUES ('Mensalidade', '01/04/2016', '33.567.139/0001-70', 10004);
INSERT INTO PabloRodrigo_201320007420.contribuicao (tipo_Contr, data_Contr, cnpj_assoc, num_cadastro)
		VALUES ('Mensalidade', '01/04/2016', '33.567.139/0001-70', 10005);
INSERT INTO PabloRodrigo_201320007420.contribuicao (tipo_Contr, data_Contr, cnpj_assoc, num_cadastro)
		VALUES ('Mensalidade', '01/04/2016', '33.567.139/0001-70', 10008);
INSERT INTO PabloRodrigo_201320007420.contribuicao (tipo_Contr, data_Contr, cnpj_assoc, num_cadastro)
		VALUES ('Mensalidade', '02/04/2016', '33.567.139/0001-70', 10010);
INSERT INTO PabloRodrigo_201320007420.contribuicao (tipo_Contr, data_Contr, cnpj_assoc, num_cadastro)
		VALUES ('Mensalidade', '02/04/2016', '33.567.139/0001-70', 10011);
INSERT INTO PabloRodrigo_201320007420.contribuicao (tipo_Contr, data_Contr, cnpj_assoc, num_cadastro)
		VALUES ('Mensalidade', '03/04/2016', '33.567.139/0001-70', 10012);
INSERT INTO PabloRodrigo_201320007420.contribuicao (tipo_Contr, data_Contr, cnpj_assoc, num_cadastro)
		VALUES ('Mensalidade', '03/04/2016', '33.567.139/0001-70', 10013);
INSERT INTO PabloRodrigo_201320007420.contribuicao (tipo_Contr, data_Contr, cnpj_assoc, num_cadastro)
		VALUES ('Mensalidade', '03/04/2016', '33.567.139/0001-70', 10014);
INSERT INTO PabloRodrigo_201320007420.contribuicao (tipo_Contr, data_Contr, cnpj_assoc, num_cadastro)
		VALUES ('Mensalidade', '03/04/2016', '33.567.139/0001-70', 10019);
INSERT INTO PabloRodrigo_201320007420.contribuicao (tipo_Contr, data_Contr, cnpj_assoc, num_cadastro)
		VALUES ('Mensalidade', '04/04/2016', '33.567.139/0001-70', 10020);
INSERT INTO PabloRodrigo_201320007420.contribuicao (tipo_Contr, data_Contr, cnpj_assoc, num_cadastro)
		VALUES ('Mensalidade', '04/04/2016', '33.567.139/0001-70', 10021);
INSERT INTO PabloRodrigo_201320007420.contribuicao (tipo_Contr, data_Contr, cnpj_assoc, num_cadastro)
		VALUES ('Mensalidade', '04/04/2016', '33.567.139/0001-70', 10022);
INSERT INTO PabloRodrigo_201320007420.contribuicao (tipo_Contr, data_Contr, cnpj_assoc, num_cadastro)
		VALUES ('Mensalidade', '05/04/2016', '33.567.139/0001-70', 10025);
INSERT INTO PabloRodrigo_201320007420.contribuicao (tipo_Contr, data_Contr, cnpj_assoc, num_cadastro)
		VALUES ('R$20', '10/04/2016', '33.567.139/0001-70', 10003);
INSERT INTO PabloRodrigo_201320007420.contribuicao (tipo_Contr, data_Contr, cnpj_assoc, num_cadastro)
		VALUES ('R$100', '17/04/2016', '33.567.139/0001-70', 10006);
INSERT INTO PabloRodrigo_201320007420.contribuicao (tipo_Contr, data_Contr, cnpj_assoc, num_cadastro)
		VALUES ('R$50', '20/04/2016', '33.567.139/0001-70', 10007);
INSERT INTO PabloRodrigo_201320007420.contribuicao (tipo_Contr, data_Contr, cnpj_assoc, num_cadastro)
		VALUES ('R$10', '21/04/2016', '33.567.139/0001-70', 10016);
INSERT INTO PabloRodrigo_201320007420.contribuicao (tipo_Contr, data_Contr, cnpj_assoc, num_cadastro)
		VALUES ('Assistência médica', '21/04/2016', '33.567.139/0001-70', 10009);
INSERT INTO PabloRodrigo_201320007420.contribuicao (tipo_Contr, data_Contr, cnpj_assoc, num_cadastro)
		VALUES ('Espaço para realização de evento', '23/04/2016', '33.567.139/0001-70', 10017);
INSERT INTO PabloRodrigo_201320007420.contribuicao (tipo_Contr, data_Contr, cnpj_assoc, num_cadastro)
		VALUES ('R$20', '25/04/2016', '33.567.139/0001-70', 10018);
INSERT INTO PabloRodrigo_201320007420.contribuicao (tipo_Contr, data_Contr, cnpj_assoc, num_cadastro)
		VALUES ('Transporte', '27/04/2016', '33.567.139/0001-70', 10024);
INSERT INTO PabloRodrigo_201320007420.contribuicao (tipo_Contr, data_Contr, cnpj_assoc, num_cadastro)
		VALUES ('Transporte', '27/04/2016', '33.567.139/0001-70', 10023);
INSERT INTO PabloRodrigo_201320007420.contribuicao (tipo_Contr, data_Contr, cnpj_assoc, num_cadastro)
		VALUES ('Mensalidade', '16/03/2016', '33.567.139/0001-70', 10022);
INSERT INTO PabloRodrigo_201320007420.contribuicao (tipo_Contr, data_Contr, cnpj_assoc, num_cadastro)
		VALUES ('Mensalidade', '01/03/2016', '33.567.139/0001-70', 10025);
INSERT INTO PabloRodrigo_201320007420.contribuicao (tipo_Contr, data_Contr, cnpj_assoc, num_cadastro)
		VALUES ('Mensalidade', '01/03/2016', '33.567.139/0001-70', 10005);
INSERT INTO PabloRodrigo_201320007420.contribuicao (tipo_Contr, data_Contr, cnpj_assoc, num_cadastro)
		VALUES ('Mensalidade', '05/03/2016', '33.567.139/0001-70', 10008);
INSERT INTO PabloRodrigo_201320007420.contribuicao (tipo_Contr, data_Contr, cnpj_assoc, num_cadastro)
		VALUES ('Mensalidade', '07/03/2016', '33.567.139/0001-70', 10010);
INSERT INTO PabloRodrigo_201320007420.contribuicao (tipo_Contr, data_Contr, cnpj_assoc, num_cadastro)
		VALUES ('R$100', '10/02/2016', '33.567.139/0001-70', 10006);
INSERT INTO PabloRodrigo_201320007420.contribuicao (tipo_Contr, data_Contr, cnpj_assoc, num_cadastro)
		VALUES ('R$50', '17/02/2016', '33.567.139/0001-70', 10007);
INSERT INTO PabloRodrigo_201320007420.contribuicao (tipo_Contr, data_Contr, cnpj_assoc, num_cadastro)
		VALUES ('R$10', '19/02/2016', '33.567.139/0001-70', 10016);
INSERT INTO PabloRodrigo_201320007420.contribuicao (tipo_Contr, data_Contr, cnpj_assoc, num_cadastro)
		VALUES ('R$15', '10/03/2016', '33.567.139/0001-70', 10003);
INSERT INTO PabloRodrigo_201320007420.contribuicao (tipo_Contr, data_Contr, cnpj_assoc, num_cadastro)
		VALUES ('R$150', '11/02/2016', '33.567.139/0001-70', 10006);
INSERT INTO PabloRodrigo_201320007420.contribuicao (tipo_Contr, data_Contr, cnpj_assoc, num_cadastro)
		VALUES ('R$75', '05/02/2016', '33.567.139/0001-70', 10007);
INSERT INTO PabloRodrigo_201320007420.contribuicao (tipo_Contr, data_Contr, cnpj_assoc, num_cadastro)
		VALUES ('R$23', '02/02/2016', '33.567.139/0001-70', 10016);
INSERT INTO PabloRodrigo_201320007420.contribuicao (tipo_Contr, data_Contr, cnpj_assoc, num_cadastro)
		VALUES ('R$100', '25/04/2016', '33.567.139/0001-70', 10018);


-- 

INSERT INTO PabloRodrigo_201320007420.tipodeevento VALUES (1, 'Palestra', 'Palestras que podem ser ministradas aos membros e/ou comunidade.');
INSERT INTO PabloRodrigo_201320007420.tipodeevento VALUES (2, 'Passeio', 'Viagens que serão realizadas para membros associados e/ou (a depender) comunidade.');
INSERT INTO PabloRodrigo_201320007420.tipodeevento VALUES (3, 'Reunião', 'Reuniões mensais necessarias para discussão sobre assuntos que envolvam os membros e a associação.');
INSERT INTO PabloRodrigo_201320007420.tipodeevento VALUES (4, 'Curso','Cursos oferecidos gratuitamente para os membros da associação e/ou comunidade.');
INSERT INTO PabloRodrigo_201320007420.tipodeevento VALUES (5, 'Lazer','Atividades diversificadas que acontecerão para promover a partipação da associação na comunidade ou para interação com os membros.');
INSERT INTO PabloRodrigo_201320007420.tipodeevento VALUES (6, 'Consultoria','Atividade médicas destinadas aos membros da associação e/ou comunidade.');

--



INSERT INTO PabloRodrigo_201320007420.evento (cod_Evento, local_Evento, hora_Evento, data_inicioEvento, data_fimEvento, nome_Evento, cod_TipodeEvento, cpf_Efetivo, num_cadastro) 
			VALUES (1, 'CESAJU', '13h até 17h', '10/05/2016', '10/06/2016', 'Oficina de Informática', 4, '21364654067', 10001);
INSERT INTO PabloRodrigo_201320007420.evento (cod_Evento, local_Evento, hora_Evento, data_inicioEvento, data_fimEvento, nome_Evento, cod_TipodeEvento, cpf_Efetivo, num_cadastro) 
			VALUES (2, 'CESAJU', '13h até 15h', '01/05/2016', NULL, 'Libras: Mais que simples gestos', 1, '72419479599', 10002);
INSERT INTO PabloRodrigo_201320007420.evento (cod_Evento, local_Evento, hora_Evento, data_inicioEvento, data_fimEvento, nome_Evento, cod_TipodeEvento, cpf_Efetivo, num_cadastro) 
			VALUES (3, 'Parque da Cidade', '09h até 15h', '03/08/2016', NULL, 'Diversão no Parque Verde', 5, '32631011538', 10021);
INSERT INTO PabloRodrigo_201320007420.evento (cod_Evento, local_Evento, hora_Evento, data_inicioEvento, data_fimEvento, nome_Evento, cod_TipodeEvento, cpf_Efetivo, num_cadastro) 
			VALUES (4, 'Casa de Eventos EXEM0001', '15h até 17h', '03/08/2016', NULL, 'Reunião para os membros', 3, '21364654067', 10001);
INSERT INTO PabloRodrigo_201320007420.evento (cod_Evento, local_Evento, hora_Evento, data_inicioEvento, data_fimEvento, nome_Evento, cod_TipodeEvento, cpf_Efetivo, num_cadastro) 
			VALUES (5, 'Parque dos Cajueiros', '09h até 12h', '03/05/2016', NULL, 'Piquenique solidário', 5, '81452854530', 10010);

--

INSERT INTO PabloRodrigo_201320007420.apoiocultural VALUES (3, 10009, '33.567.139/0001-70', 'Ajudou fornecendo lanche(Cachorro-Quente)');
INSERT INTO PabloRodrigo_201320007420.apoiocultural VALUES (3, 10002, '33.567.139/0001-70', 'Ajudou fornecendo lanche(Refrigerante)');
INSERT INTO PabloRodrigo_201320007420.apoiocultural VALUES (4, 10024, '33.567.139/0001-70', 'Ajudou fornecendo o local para a reunião');

--

INSERT INTO PabloRodrigo_201320007420.fechado VALUES (1, 15);
INSERT INTO PabloRodrigo_201320007420.fechado VALUES (4, 25);
INSERT INTO PabloRodrigo_201320007420.aberto VALUES (2, 50);
INSERT INTO PabloRodrigo_201320007420.aberto VALUES (5, 100);
INSERT INTO PabloRodrigo_201320007420.fechado VALUES (3, 25);

--

INSERT INTO PabloRodrigo_201320007420.peventoaberto VALUES (2, 10001);
INSERT INTO PabloRodrigo_201320007420.peventoaberto VALUES (2, 10009);
INSERT INTO PabloRodrigo_201320007420.peventoaberto VALUES (2, 10005);
INSERT INTO PabloRodrigo_201320007420.peventoaberto VALUES (2, 10011);
INSERT INTO PabloRodrigo_201320007420.peventoaberto VALUES (2, 10021);
INSERT INTO PabloRodrigo_201320007420.peventoaberto VALUES (2, 10015);
INSERT INTO PabloRodrigo_201320007420.peventoaberto VALUES (2, 10003);
INSERT INTO PabloRodrigo_201320007420.peventoaberto VALUES (2, 10012);
INSERT INTO PabloRodrigo_201320007420.peventoaberto VALUES (2, 10004);
INSERT INTO PabloRodrigo_201320007420.peventoaberto VALUES (2, 10010);
INSERT INTO PabloRodrigo_201320007420.peventoaberto VALUES (2, 10018);
INSERT INTO PabloRodrigo_201320007420.peventoaberto VALUES (2, 10006);
INSERT INTO PabloRodrigo_201320007420.peventoaberto VALUES (2, 10007);
INSERT INTO PabloRodrigo_201320007420.peventoaberto VALUES (5, 10001);
INSERT INTO PabloRodrigo_201320007420.peventoaberto VALUES (5, 10009);
INSERT INTO PabloRodrigo_201320007420.peventoaberto VALUES (5, 10005);
INSERT INTO PabloRodrigo_201320007420.peventoaberto VALUES (5, 10011);
INSERT INTO PabloRodrigo_201320007420.peventoaberto VALUES (5, 10021);
INSERT INTO PabloRodrigo_201320007420.peventoaberto VALUES (5, 10015);
INSERT INTO PabloRodrigo_201320007420.peventoaberto VALUES (5, 10003);
INSERT INTO PabloRodrigo_201320007420.peventoaberto VALUES (5, 10012);
INSERT INTO PabloRodrigo_201320007420.peventoaberto VALUES (5, 10004);
INSERT INTO PabloRodrigo_201320007420.peventoaberto VALUES (5, 10010);
INSERT INTO PabloRodrigo_201320007420.peventoaberto VALUES (5, 10018);
INSERT INTO PabloRodrigo_201320007420.peventoaberto VALUES (5, 10006);
INSERT INTO PabloRodrigo_201320007420.peventoaberto VALUES (5, 10007);
INSERT INTO PabloRodrigo_201320007420.peventoaberto VALUES (5, 10002);
INSERT INTO PabloRodrigo_201320007420.peventoaberto VALUES (5, 10008);
INSERT INTO PabloRodrigo_201320007420.peventoaberto VALUES (5, 10013);
INSERT INTO PabloRodrigo_201320007420.peventoaberto VALUES (5, 10020);
INSERT INTO PabloRodrigo_201320007420.peventoaberto VALUES (5, 10025);
INSERT INTO PabloRodrigo_201320007420.peventofechado (cod_Evento, num_cadastro, cpf_Efetivo) VALUES (1, 10002, '72419479599');
INSERT INTO PabloRodrigo_201320007420.peventofechado (cod_Evento, num_cadastro, cpf_Efetivo) VALUES (1, 10004, '42647788596');
INSERT INTO PabloRodrigo_201320007420.peventofechado (cod_Evento, num_cadastro, cpf_Efetivo) VALUES (1, 10005, '41622762509');
INSERT INTO PabloRodrigo_201320007420.peventofechado (cod_Evento, num_cadastro, cpf_Efetivo) VALUES (1, 10008, '78562474525');
INSERT INTO PabloRodrigo_201320007420.peventofechado (cod_Evento, num_cadastro, cpf_Efetivo) VALUES (1, 10010, '81452854530');
INSERT INTO PabloRodrigo_201320007420.peventofechado (cod_Evento, num_cadastro, cpf_Efetivo) VALUES (1, 10011, '66044288501');
INSERT INTO PabloRodrigo_201320007420.peventofechado (cod_Evento, num_cadastro, cpf_Efetivo) VALUES (1, 10012, '45642128507');
INSERT INTO PabloRodrigo_201320007420.peventofechado (cod_Evento, num_cadastro, cpf_Efetivo) VALUES (1, 10013, '88055706565');
INSERT INTO PabloRodrigo_201320007420.peventofechado (cod_Evento, num_cadastro, cpf_Efetivo) VALUES (1, 10014, '24266857519');
INSERT INTO PabloRodrigo_201320007420.peventofechado (cod_Evento, num_cadastro, cpf_Efetivo) VALUES (1, 10019, '19929597573');
INSERT INTO PabloRodrigo_201320007420.peventofechado (cod_Evento, num_cadastro, cpf_Efetivo) VALUES (1, 10020, '02709204550');
INSERT INTO PabloRodrigo_201320007420.peventofechado (cod_Evento, num_cadastro, cpf_Efetivo) VALUES (1, 10021, '32631011538');
INSERT INTO PabloRodrigo_201320007420.peventofechado (cod_Evento, num_cadastro, cpf_Efetivo) VALUES (1, 10022, '06662150576');
INSERT INTO PabloRodrigo_201320007420.peventofechado (cod_Evento, num_cadastro, cpf_Efetivo) VALUES (1, 10025, '73841162525');
INSERT INTO PabloRodrigo_201320007420.peventofechado (cod_Evento, num_cadastro, cpf_Efetivo) VALUES (4, 10002, '72419479599');
INSERT INTO PabloRodrigo_201320007420.peventofechado (cod_Evento, num_cadastro, cpf_Efetivo) VALUES (4, 10004, '42647788596');
INSERT INTO PabloRodrigo_201320007420.peventofechado (cod_Evento, num_cadastro, cpf_Efetivo) VALUES (4, 10005, '41622762509');
INSERT INTO PabloRodrigo_201320007420.peventofechado (cod_Evento, num_cadastro, cpf_Efetivo) VALUES (4, 10008, '78562474525');
INSERT INTO PabloRodrigo_201320007420.peventofechado (cod_Evento, num_cadastro, cpf_Efetivo) VALUES (4, 10010, '81452854530');
INSERT INTO PabloRodrigo_201320007420.peventofechado (cod_Evento, num_cadastro, cpf_Efetivo) VALUES (4, 10011, '66044288501');
INSERT INTO PabloRodrigo_201320007420.peventofechado (cod_Evento, num_cadastro, cpf_Efetivo) VALUES (4, 10012, '45642128507');
INSERT INTO PabloRodrigo_201320007420.peventofechado (cod_Evento, num_cadastro, cpf_Efetivo) VALUES (4, 10013, '88055706565');
INSERT INTO PabloRodrigo_201320007420.peventofechado (cod_Evento, num_cadastro, cpf_Efetivo) VALUES (4, 10014, '24266857519');
INSERT INTO PabloRodrigo_201320007420.peventofechado (cod_Evento, num_cadastro, cpf_Efetivo) VALUES (4, 10019, '19929597573');
INSERT INTO PabloRodrigo_201320007420.peventofechado (cod_Evento, num_cadastro, cpf_Efetivo) VALUES (4, 10020, '02709204550');
INSERT INTO PabloRodrigo_201320007420.peventofechado (cod_Evento, num_cadastro, cpf_Efetivo) VALUES (3, 10021, '32631011538');
INSERT INTO PabloRodrigo_201320007420.peventofechado (cod_Evento, num_cadastro, cpf_Efetivo) VALUES (3, 10022, '06662150576');
INSERT INTO PabloRodrigo_201320007420.peventofechado (cod_Evento, num_cadastro, cpf_Efetivo) VALUES (3, 10025, '73841162525');
INSERT INTO PabloRodrigo_201320007420.peventofechado (cod_Evento, num_cadastro, cpf_Efetivo) VALUES (3, 10004, '42647788596');
INSERT INTO PabloRodrigo_201320007420.peventofechado (cod_Evento, num_cadastro, cpf_Efetivo) VALUES (3, 10005, '41622762509');
INSERT INTO PabloRodrigo_201320007420.peventofechado (cod_Evento, num_cadastro, cpf_Efetivo) VALUES (3, 10008, '78562474525');
INSERT INTO PabloRodrigo_201320007420.peventofechado (cod_Evento, num_cadastro, cpf_Efetivo) VALUES (3, 10010, '81452854530');
INSERT INTO PabloRodrigo_201320007420.peventofechado (cod_Evento, num_cadastro, cpf_Efetivo) VALUES (3, 10011, '66044288501');
INSERT INTO PabloRodrigo_201320007420.peventofechado (cod_Evento, num_cadastro, cpf_Efetivo) VALUES (3, 10012, '45642128507');
INSERT INTO PabloRodrigo_201320007420.peventofechado (cod_Evento, num_cadastro, cpf_Efetivo) VALUES (3, 10013, '88055706565');
INSERT INTO PabloRodrigo_201320007420.peventofechado (cod_Evento, num_cadastro, cpf_Efetivo) VALUES (3, 10014, '24266857519');
INSERT INTO PabloRodrigo_201320007420.peventofechado (cod_Evento, num_cadastro, cpf_Efetivo) VALUES (3, 10019, '19929597573');
INSERT INTO PabloRodrigo_201320007420.peventofechado (cod_Evento, num_cadastro, cpf_Efetivo) VALUES (3, 10020, '02709204550');




-- TODOS OS MEMBROS EFETIVOS --
-- SELECT nome_Membro
-- FROM PabloRodrigo_201320007420.membro JOIN PabloRodrigo_201320007420.efetivo USING (num_cadastro)
-- WHERE (membro_Fundador = TRUE)